timestamp,temperature,humidity,wind_speed,target_temperature
2026-09-27T00:00,24.0,84,5.6,22.8
2026-09-27T01:00,23.6,88,4.8,22.2
2026-09-27T02:00,24.6,86,6.5,22.8
2026-09-27T03:00,26.0,82,5.4,24.2
2026-09-27T04:00,27.9,75,6.1,25.1
2026-09-27T05:00,29.6,66,6.3,26.6
2026-09-27T06:00,30.8,56,3.3,27.2
2026-09-27T07:00,31.4,54,2.7,27.8
2026-09-27T08:00,31.9,52,3.6,28.2
2026-09-27T09:00,32.0,50,3.8,29.0
2026-09-27T10:00,31.7,52,4.4,29.1
2026-09-27T11:00,31.4,54,4.7,29.0
2026-09-27T12:00,30.8,60,5.4,28.6
2026-09-27T13:00,29.0,69,3.8,27.2
2026-09-27T14:00,27.8,74,6.4,26.2
2026-09-27T15:00,27.0,78,8.4,25.6
2026-09-27T16:00,26.3,80,11.1,25.4
2026-09-27T17:00,25.7,83,12.3,24.9
2026-09-27T18:00,25.4,86,12.1,24.7
2026-09-27T19:00,24.8,88,8.9,24.2
2026-09-27T20:00,24.3,89,6.9,23.9
2026-09-27T21:00,23.7,90,6.2,23.4
2026-09-27T22:00,23.1,90,7.5,23.1
2026-09-27T23:00,22.5,90,7.2,22.9
2026-09-28T00:00,22.8,87,10.2,23.8
2026-09-28T01:00,22.2,89,5.2,23.1
2026-09-28T02:00,22.8,87,3.6,24.0
2026-09-28T03:00,24.2,80,13.2,25.5
2026-09-28T04:00,25.1,74,12.4,27.2
2026-09-28T05:00,26.6,70,3.3,28.4
2026-09-28T06:00,27.2,65,6.1,29.6
2026-09-28T07:00,27.8,62,8.8,30.1
2026-09-28T08:00,28.2,61,9.1,30.6
2026-09-28T09:00,29.0,57,9.1,30.8
2026-09-28T10:00,29.1,57,7.1,30.6
2026-09-28T11:00,29.0,57,3.9,30.2
2026-09-28T12:00,28.6,62,6.3,29.6
2026-09-28T13:00,27.2,73,3.4,27.6
2026-09-28T14:00,26.2,78,4.6,27.1
2026-09-28T15:00,25.6,82,3.5,26.4
2026-09-28T16:00,25.4,82,1.1,25.7
2026-09-28T17:00,24.9,83,0.2,25.1
2026-09-28T18:00,24.7,88,2.7,25.2
2026-09-28T19:00,24.2,88,1.2,24.2
2026-09-28T20:00,23.9,89,0.7,23.6
2026-09-28T21:00,23.4,92,2.3,23.2
2026-09-28T22:00,23.1,93,2.1,22.9
2026-09-28T23:00,22.9,94,3.6,22.6
2026-09-29T00:00,23.8,87,4.0,23.1
2026-09-29T01:00,23.1,87,3.8,22.4
2026-09-29T02:00,24.0,85,3.6,23.4
2026-09-29T03:00,25.5,79,1.4,25.1
2026-09-29T04:00,27.2,69,2.1,27.3
2026-09-29T05:00,28.4,64,4.0,29.1
2026-09-29T06:00,29.6,58,7.4,30.9
2026-09-29T07:00,30.1,55,9.0,31.5
2026-09-29T08:00,30.6,54,10.0,31.9
2026-09-29T09:00,30.8,54,10.1,32.0
2026-09-29T10:00,30.6,54,9.7,31.8
2026-09-29T11:00,30.2,54,8.2,31.3
2026-09-29T12:00,29.6,57,8.0,30.8
2026-09-29T13:00,27.6,67,5.0,29.2
2026-09-29T14:00,27.1,70,5.0,28.9
2026-09-29T15:00,26.4,72,4.7,28.4
2026-09-29T16:00,25.7,76,4.4,27.7
2026-09-29T17:00,25.1,77,4.9,26.8
2026-09-29T18:00,25.2,78,4.7,26.6
2026-09-29T19:00,24.2,80,5.2,25.8
2026-09-29T20:00,23.6,81,6.0,25.0
2026-09-29T21:00,23.2,82,6.3,24.6
2026-09-29T22:00,22.9,81,5.9,24.3
2026-09-29T23:00,22.6,82,5.5,23.9
2026-09-30T00:00,23.1,80,5.4,24.4
2026-09-30T01:00,22.4,82,4.8,23.6
2026-09-30T02:00,23.4,79,4.7,24.3
2026-09-30T03:00,25.1,76,3.2,26.3
2026-09-30T04:00,27.3,67,4.0,28.5
2026-09-30T05:00,29.1,58,5.2,30.0
2026-09-30T06:00,30.9,48,6.7,31.6
2026-09-30T07:00,31.5,45,7.2,32.4
2026-09-30T08:00,31.9,44,8.1,33.2
2026-09-30T09:00,32.0,44,8.3,33.4
2026-09-30T10:00,31.8,47,8.3,33.2
2026-09-30T11:00,31.3,51,6.7,32.6
2026-09-30T12:00,30.8,57,6.5,31.8
2026-09-30T13:00,29.2,66,4.2,30.1
2026-09-30T14:00,28.9,69,2.0,29.6
2026-09-30T15:00,28.4,72,0.6,29.2
2026-09-30T16:00,27.7,74,0.6,28.7
2026-09-30T17:00,26.8,78,0.6,27.6
2026-09-30T18:00,26.6,84,0.7,27.3
2026-09-30T19:00,25.8,86,0.4,26.5
2026-09-30T20:00,25.0,90,1.9,26.0
2026-09-30T21:00,24.6,91,3.1,25.6
2026-09-30T22:00,24.3,91,2.8,25.2
2026-09-30T23:00,23.9,91,3.1,24.8
2026-10-01T00:00,24.4,84,4.2,24.6
2026-10-01T01:00,23.6,86,3.2,23.4
2026-10-01T02:00,24.3,83,3.8,24.6
2026-10-01T03:00,26.3,77,2.6,26.8
2026-10-01T04:00,28.5,68,3.2,29.2
2026-10-01T05:00,30.0,63,4.7,30.8
2026-10-01T06:00,31.6,57,6.4,32.6
2026-10-01T07:00,32.4,52,6.3,33.4
2026-10-01T08:00,33.2,46,6.9,33.9
2026-10-01T09:00,33.4,44,7.3,34.1
2026-10-01T10:00,33.2,44,7.7,34.0
2026-10-01T11:00,32.6,47,6.6,33.5
2026-10-01T12:00,31.8,50,5.7,33.0
2026-10-01T13:00,30.1,58,3.9,31.6
2026-10-01T14:00,29.6,60,3.1,30.6
2026-10-01T15:00,29.2,62,2.0,28.8
2026-10-01T16:00,28.7,63,0.8,27.6
2026-10-01T17:00,27.6,66,0.0,27.0
2026-10-01T18:00,27.3,72,0.3,27.0
2026-10-01T19:00,26.5,73,0.8,26.0
2026-10-01T20:00,26.0,74,1.7,25.4
2026-10-01T21:00,25.6,76,2.1,24.8
2026-10-01T22:00,25.2,78,2.1,24.5
2026-10-01T23:00,24.8,80,1.9,24.6
2026-10-02T00:00,24.6,87,2.1,24.9
2026-10-02T01:00,23.4,92,2.9,24.1
2026-10-02T02:00,24.6,87,3.8,25.1
2026-10-02T03:00,26.8,81,3.1,27.5
2026-10-02T04:00,29.2,68,3.1,29.7
2026-10-02T05:00,30.8,61,1.8,31.2
2026-10-02T06:00,32.6,50,2.7,32.6
2026-10-02T07:00,33.4,47,3.9,33.5
2026-10-02T08:00,33.9,44,5.3,33.9
2026-10-02T09:00,34.1,43,6.0,34.1
2026-10-02T10:00,34.0,42,5.7,33.9
2026-10-02T11:00,33.5,45,4.4,33.3
2026-10-02T12:00,33.0,53,3.6,32.8
2026-10-02T13:00,31.6,56,2.5,30.9
2026-10-02T14:00,30.6,61,1.2,30.0
2026-10-02T15:00,28.8,68,3.9,29.5
2026-10-02T16:00,27.6,72,5.2,28.7
2026-10-02T17:00,27.0,74,4.4,27.2
2026-10-02T18:00,27.0,82,2.7,27.0
2026-10-02T19:00,26.0,85,1.3,26.0
2026-10-02T20:00,25.4,89,0.2,25.5
2026-10-02T21:00,24.8,93,1.4,25.4
2026-10-02T22:00,24.5,93,3.1,25.0
2026-10-02T23:00,24.6,91,2.3,24.8
2026-10-03T00:00,24.9,88,1.2,24.9
2026-10-03T01:00,24.1,91,2.1,24.2
2026-10-03T02:00,25.1,86,5.2,25.2
2026-10-03T03:00,27.5,78,3.0,27.2
2026-10-03T04:00,29.7,65,4.0,29.6
2026-10-03T05:00,31.2,58,3.6,31.4
2026-10-03T06:00,32.6,50,3.6,32.6
2026-10-03T07:00,33.5,46,5.4,33.4
2026-10-03T08:00,33.9,44,6.0,33.9
2026-10-03T09:00,34.1,44,5.8,34.2
2026-10-03T10:00,33.9,45,5.6,34.1
2026-10-03T11:00,33.3,48,5.3,33.6
2026-10-03T12:00,32.8,54,4.7,32.3
2026-10-03T13:00,30.9,61,3.7,30.4
2026-10-03T14:00,30.0,65,3.4,29.4
2026-10-03T15:00,29.5,66,2.4,28.7
2026-10-03T16:00,28.7,70,2.7,28.1
2026-10-03T17:00,27.2,77,3.6,27.5
2026-10-03T18:00,27.0,82,2.8,26.9
2026-10-03T19:00,26.0,85,3.0,26.3
2026-10-03T20:00,25.5,87,3.7,25.8
2026-10-03T21:00,25.4,87,4.1,25.3
2026-10-03T22:00,25.0,89,3.7,24.9
2026-10-03T23:00,24.8,89,3.4,24.6
2026-10-04T00:00,24.9,89,3.4,24.4
2026-10-04T01:00,24.2,91,3.2,24.3
2026-10-04T02:00,25.2,85,5.1,25.4
2026-10-04T03:00,27.2,77,4.2,27.2
2026-10-04T04:00,29.6,65,4.3,29.6
2026-10-04T05:00,31.4,56,4.5,31.6
2026-10-04T06:00,32.6,51,4.1,32.9
2026-10-04T07:00,33.4,48,3.5,33.8
2026-10-04T08:00,33.9,47,3.7,34.4
2026-10-04T09:00,34.2,46,3.9,34.7
2026-10-04T10:00,34.1,47,4.4,34.6
2026-10-04T11:00,33.6,49,5.4,34.0
2026-10-04T12:00,32.3,57,5.3,32.7
2026-10-04T13:00,30.4,66,5.0,31.2
2026-10-04T14:00,29.4,71,4.7,30.2
2026-10-04T15:00,28.7,73,4.6,29.2
2026-10-04T16:00,28.1,73,4.9,28.5
2026-10-04T17:00,27.5,74,5.4,27.9
2026-10-04T18:00,26.9,76,4.9,27.5
2026-10-04T19:00,26.3,80,4.0,27.0
2026-10-04T20:00,25.8,83,3.5,26.5
2026-10-04T21:00,25.3,85,3.4,26.1
2026-10-04T22:00,24.9,86,3.8,25.8
2026-10-04T23:00,24.6,87,3.8,25.6
2026-10-05T00:00,24.4,86,4.2,25.3
2026-10-05T01:00,24.3,86,4.9,25.1
2026-10-05T02:00,25.4,81,6.5,25.7
2026-10-05T03:00,27.2,76,4.0,27.4
2026-10-05T04:00,29.6,66,4.7,29.3
2026-10-05T05:00,31.6,58,5.5,31.0
2026-10-05T06:00,32.9,52,5.0,32.6
2026-10-05T07:00,33.8,48,4.6,33.7
2026-10-05T08:00,34.4,46,4.4,34.4
2026-10-05T09:00,34.7,45,4.8,34.7
2026-10-05T10:00,34.6,45,5.0,34.5
2026-10-05T11:00,34.0,47,7.1,34.0
2026-10-05T12:00,32.7,53,8.9,32.9
2026-10-05T13:00,31.2,60,7.6,31.4
2026-10-05T14:00,30.2,65,5.7,30.7
2026-10-05T15:00,29.2,69,5.1,30.0
2026-10-05T16:00,28.5,71,5.5,29.3
2026-10-05T17:00,27.9,73,5.5,28.8
2026-10-05T18:00,27.5,74,5.7,28.3
2026-10-05T19:00,27.0,75,5.2,27.8
2026-10-05T20:00,26.5,77,4.8,27.2
2026-10-05T21:00,26.1,78,5.3,23.0
2026-10-05T22:00,25.8,79,6.0,21.8
2026-10-05T23:00,25.6,79,7.0,21.7
